F_BUS,T_BUS,BR_R,BR_X,BR_B,RATE_A,RATE_B,RATE_C,TAP,SHIFT,BR_STATUS,ANGMIN,ANGMAX,PF,QF,PT,QT,MU_SF,MU_ST,MU_ANGMIN,MU_ANGMAX
37,9001,6e-05,0.00046,0,0,0,75,1.0082,0,1,-360,360,74.1397231,0,-74.1397231,0,0,0,0,0
9001,9005,0.0008,0.00348,0,0,0,0,0,0,1,-360,360,32.8878581,0,-32.8878581,0,0,0,0,0
9001,9006,0.02439,0.43682,0,0,0,0,0.9668,0,1,-360,360,25.84,0,-25.84,0,0,0,0,0
9001,9012,0.03624,0.64898,0,0,0,0,0.9796,0,1,-360,360,15.4118649,0,-15.4118649,0,0,0,0,0
9005,9051,0.01578,0.37486,0,0,0,0,1.0435,0,1,-360,360,34.5018649,0,-34.5018649,0,0,0,0,0
9005,9052,0.01578,0.37486,0,0,0,0,0.9391,0,1,-360,360,30,0,-30,0,0,0,0,0
9005,9053,0.01602,0.38046,0,0,0,0,1.0435,0,1,-360,360,26.4618649,0,-26.4618649,0,0,0,0,0
9005,9054,0,0.152,0,0,0,0,1.0435,0,1,-360,360,-50.0654067,0,50.0654067,0,0,0,0,0
9005,9055,0,0.8,0,0,0,0,1.0435,0,1,-360,360,-8.01046507,0,8.01046507,0,0,0,0,0
9006,9007,0.05558,0.24666,0,0,0,0,0,0,1,-360,360,9.32666667,0,-9.32666667,0,0,0,0,0
9006,9003,0.11118,0.49332,0,0,0,0,0,0,1,-360,360,8.25666667,0,-8.25666667,0,0,0,0,0
9006,9003,0.11118,0.49332,0,0,0,0,0,0,1,-360,360,8.25666667,0,-8.25666667,0,0,0,0,0
9012,9002,0.07622,0.43286,0,0,0,0,0,0,1,-360,360,5.80593247,0,-5.80593247,0,0,0,0,0
9012,9002,0.07622,0.43286,0,0,0,0,0,0,1,-360,360,5.80593247,0,-5.80593247,0,0,0,0,0
9002,9021,0.0537,0.07026,0,0,0,0,0,0,1,-360,360,7.3,0,-7.3,0,0,0,0,0
9021,9023,1.1068,0.95278,0,0,0,0,0,0,1,-360,360,0.94,0,-0.94,0,0,0,0,0
9021,9022,0.44364,2.8152,0,0,0,0,1,0,1,-360,360,1.61,0,-1.61,0,0,0,0,0
9002,9024,0.50748,3.2202,0,0,0,0,1,0,1,-360,360,1.42,0,-1.42,0,0,0,0,0
9023,9025,0.66688,3.944,0,0,0,0,1,0,1,-360,360,0.47,0,-0.47,0,0,0,0,0
9023,9026,0.6113,3.6152,0,0,0,0,1,0,1,-360,360,0.47,0,-0.47,0,0,0,0,0
9007,9071,0.4412,2.9668,0,0,0,0,1,0,1,-360,360,1.07,0,-1.07,0,0,0,0,0
9007,9072,0.30792,2.057,0,0,0,0,1,0,1,-360,360,1.07,0,-1.07,0,0,0,0,0
9007,9003,0.0558,0.24666,0,0,0,0,0,0,1,-360,360,7.18666667,0,-7.18666667,0,0,0,0,0
9003,9031,0.73633,4.6724,0,0,0,0,1,0,1,-360,360,1.94,0,-1.94,0,0,0,0,0
9003,9032,0.76978,4.8846,0,0,0,0,1,0,1,-360,360,1.46,0,-1.46,0,0,0,0,0
9003,9033,0.75732,4.8056,0,0,0,0,1,0,1,-360,360,1.99,0,-1.99,0,0,0,0,0
9003,9044,0.07378,0.06352,0,0,0,0,0,0,1,-360,360,4.37,0,-4.37,0,0,0,0,0
9044,9004,0.03832,0.02894,0,0,0,0,0,0,1,-360,360,4.37,0,-4.37,0,0,0,0,0
9004,9041,0.36614,2.456,0,0,0,0,1,0,1,-360,360,1.06,0,-1.06,0,0,0,0,0
9004,9042,1.0593,5.4536,0,0,0,0,1,0,1,-360,360,0.85,0,-0.85,0,0,0,0,0
9004,9043,0.1567,1.6994,0,0,0,0,1,0,1,-360,360,1.6,0,-1.6,0,0,0,0,0
9003,9034,0.13006,1.3912,0,0,0,0,1,0,1,-360,360,1.63,0,-1.63,0,0,0,0,0
9003,9035,0.54484,3.4572,0,0,0,0,1,0,1,-360,360,1.75,0,-1.75,0,0,0,0,0
9003,9036,0.15426,1.6729,0,0,0,0,1,0,1,-360,360,3.03,0,-3.03,0,0,0,0,0
9003,9037,0.3849,2.5712,0,0,0,0,1,0,1,-360,360,1.96,0,-1.96,0,0,0,0,0
9003,9038,0.4412,2.9668,0,0,0,0,1,0,1,-360,360,2.72,0,-2.72,0,0,0,0,0
9012,9121,0.23552,0.99036,0,0,0,0,0,0,1,-360,360,3.8,0,-3.8,0,0,0,0,0
9053,9533,0,0.75,0,0,0,0,0.9583,0,1,-360,360,1.29,0,-1.29,0,0,0,0,0
1,5,0.001,0.006,0,0,0,0,0,0,1,-360,360,399.726967,0,-399.726967,0,0,0,0,0
2,6,0.001,0.009,0,0,0,0,0,0,1,-360,360,149.30931,0,-149.30931,0,0,0,0,0
2,8,0.006,0.027,0.054,0,0,0,0,0,1,-360,360,383.230094,0,-383.230094,0,0,0,0,0
3,7,0,0.003,0,0,0,0,0,0,1,-360,360,228.787529,0,-228.787529,0,0,0,0,0
3,19,0.008,0.069,0.139,0,0,0,0,0,1,-360,360,145.180398,0,-145.180398,0,0,0,0,0
3,150,0.001,0.007,0,0,0,0,0,0,1,-360,360,23.9367573,0,-23.9367573,0,0,0,0,0
4,16,0.002,0.019,1.127,0,0,0,0,0,1,-360,360,806.837652,0,-806.837652,0,0,0,0,0
5,9,0.006,0.029,0.018,0,0,0,0,0,1,-360,360,122.489242,0,-122.489242,0,0,0,0,0
7,12,0.001,0.009,0.07,0,0,0,0,0,1,-360,360,188.741668,0,-188.741668,0,0,0,0,0
7,131,0.001,0.007,0.014,0,0,0,0,0,1,-360,360,-6.40710348,0,6.40710348,0,0,0,0,0
8,11,0.013,0.0595,0.033,0,0,0,0,0,1,-360,360,-14.0966535,0,14.0966535,0,0,0,0,0
8,14,0.013,0.042,0.081,0,0,0,0,0,1,-360,360,335.634883,0,-335.634883,0,0,0,0,0
9,11,0.006,0.027,0.013,0,0,0,0,0,1,-360,360,26.4892417,0,-26.4892417,0,0,0,0,0
11,13,0.008,0.034,0.018,0,0,0,0,0,1,-360,360,146.153709,0,-146.153709,0,0,0,0,0
12,21,0.002,0.015,0.118,0,0,0,0,0,1,-360,360,427.081412,0,-427.081412,0,0,0,0,0
13,20,0.006,0.034,0.016,0,0,0,0,0,1,-360,360,88.153709,0,-88.153709,0,0,0,0,0
14,15,0.014,0.042,0.097,0,0,0,0,0,1,-360,360,175.634883,0,-175.634883,0,0,0,0,0
15,37,0.065,0.248,0.121,0,0,0,0,0,1,-360,360,57.1185441,0,-57.1185441,0,0,0,0,0
15,89,0.099,0.248,0.035,0,0,0,0,0,1,-360,360,27.1087005,0,-27.1087005,0,0,0,0,0
15,90,0.096,0.363,0.048,0,0,0,0,0,1,-360,360,27.3750486,0,-27.3750486,0,0,0,0,0
16,42,0.002,0.022,1.28,0,0,0,0,0,1,-360,360,513.601926,0,-513.601926,0,0,0,0,0
19,21,0.002,0.018,0.036,0,0,0,0,0,1,-360,360,-68.1215956,0,68.1215956,0,0,0,0,0
19,87,0.013,0.08,0.151,0,0,0,0,0,1,-360,360,213.301994,0,-213.301994,0,0,0,0,0
20,22,0.016,0.033,0.015,0,0,0,0,0,1,-360,360,-18.1039569,0,18.1039569,0,0,0,0,0
20,27,0.069,0.186,0.098,0,0,0,0,0,1,-360,360,22.5265149,0,-22.5265149,0,0,0,0,0
21,24,0.004,0.034,0.28,0,0,0,0,0,1,-360,360,-238.000898,0,238.000898,0,0,0,0,0
22,23,0.052,0.111,0.05,0,0,0,0,0,1,-360,360,-99.1039569,0,99.1039569,0,0,0,0,0
23,25,0.019,0.039,0.018,0,0,0,0,0,1,-360,360,121.873485,0,-121.873485,0,0,0,0,0
24,319,0.007,0.068,0.134,0,0,0,0,0,1,-360,360,115.8,0,-115.8,0,0,0,0,0
25,26,0.036,0.071,0.034,0,0,0,0,0,1,-360,360,76.8734851,0,-76.8734851,0,0,0,0,0
26,27,0.045,0.12,0.065,0,0,0,0,0,1,-360,360,46.4734851,0,-46.4734851,0,0,0,0,0
26,320,0.043,0.13,0.014,0,0,0,0,0,1,-360,360,2.4,0,-2.4,0,0,0,0,0
33,34,0,0.063,0,0,0,0,0,0,1,-360,360,-177.004833,0,177.004833,0,0,0,0,0
33,38,0.0025,0.012,0.013,0,0,0,0,0,1,-360,360,110.984415,0,-110.984415,0,0,0,0,0
33,40,0.006,0.029,0.02,0,0,0,0,0,1,-360,360,55.7145151,0,-55.7145151,0,0,0,0,0
33,41,0.007,0.043,0.026,0,0,0,0,0,1,-360,360,-44.694097,0,44.694097,0,0,0,0,0
34,42,0.001,0.008,0.042,0,0,0,0,0,1,-360,360,-177.004833,0,177.004833,0,0,0,0,0
35,72,0.012,0.06,0.008,0,0,0,0,0,1,-360,360,46.9728918,0,-46.9728918,0,0,0,0,0
35,76,0.006,0.014,0.002,0,0,0,0,0,1,-360,360,113.524022,0,-113.524022,0,0,0,0,0
35,77,0.01,0.029,0.003,0,0,0,0,0,1,-360,360,-51.1037316,0,51.1037316,0,0,0,0,0
36,88,0.004,0.027,0.043,0,0,0,0,0,1,-360,360,-109.393183,0,109.393183,0,0,0,0,0
37,38,0.008,0.047,0.008,0,0,0,0,0,1,-360,360,4.53591002,0,-4.53591002,0,0,0,0,0
37,40,0.022,0.064,0.007,0,0,0,0,0,1,-360,360,7.76712067,0,-7.76712067,0,0,0,0,0
37,41,0.01,0.036,0.02,0,0,0,0,0,1,-360,360,-84.4575384,0,84.4575384,0,0,0,0,0
37,49,0.017,0.081,0.048,0,0,0,0,0,1,-360,360,32.727635,0,-32.727635,0,0,0,0,0
37,89,0.102,0.254,0.033,0,0,0,0,0,1,-360,360,-29.3009496,0,29.3009496,0,0,0,0,0
37,90,0.047,0.127,0.016,0,0,0,0,0,1,-360,360,-33.2933566,0,33.2933566,0,0,0,0,0
38,41,0.008,0.037,0.02,0,0,0,0,0,1,-360,360,-87.9367339,0,87.9367339,0,0,0,0,0
38,43,0.032,0.087,0.04,0,0,0,0,0,1,-360,360,48.4570593,0,-48.4570593,0,0,0,0,0
39,42,0.0006,0.0064,0.404,0,0,0,0,0,1,-360,360,500.654067,0,-500.654067,0,0,0,0,0
40,48,0.026,0.154,0.022,0,0,0,0,0,1,-360,360,17.4816357,0,-17.4816357,0,0,0,0,0
41,42,0,0.029,0,0,0,0,0,0,1,-360,360,-367.086104,0,367.086104,0,0,0,0,0
41,49,0.065,0.191,0.02,0,0,0,0,0,1,-360,360,29.7979572,0,-29.7979572,0,0,0,0,0
41,51,0.031,0.089,0.036,0,0,0,0,0,1,-360,360,34.1997773,0,-34.1997773,0,0,0,0,0
42,46,0.002,0.014,0.806,0,0,0,0,0,1,-360,360,470.165056,0,-470.165056,0,0,0,0,0
43,44,0.026,0.072,0.035,0,0,0,0,0,1,-360,360,-16.1837446,0,16.1837446,0,0,0,0,0
43,48,0.095,0.262,0.032,0,0,0,0,0,1,-360,360,-4.7316195,0,4.7316195,0,0,0,0,0
43,53,0.013,0.039,0.016,0,0,0,0,0,1,-360,360,30.3724234,0,-30.3724234,0,0,0,0,0
44,47,0.027,0.084,0.039,0,0,0,0,0,1,-360,360,107.515581,0,-107.515581,0,0,0,0,0
44,54,0.028,0.084,0.037,0,0,0,0,0,1,-360,360,-5.59594009,0,5.59594009,0,0,0,0,0
45,60,0.007,0.041,0.312,0,0,0,0,0,1,-360,360,-262.612557,0,262.612557,0,0,0,0,0
45,74,0.009,0.054,0.411,0,0,0,0,0,1,-360,360,215.229547,0,-215.229547,0,0,0,0,0
46,81,0.005,0.042,0.69,0,0,0,0,0,1,-360,360,241.493082,0,-241.493082,0,0,0,0,0
47,73,0.052,0.145,0.073,0,0,0,0,0,1,-360,360,21.8660735,0,-21.8660735,0,0,0,0,0
47,113,0.043,0.118,0.013,0,0,0,0,0,1,-360,360,27.6495072,0,-27.6495072,0,0,0,0,0
48,107,0.025,0.062,0.007,0,0,0,0,0,1,-360,360,-28.2499838,0,28.2499838,0,0,0,0,0
49,51,0.031,0.094,0.043,0,0,0,0,0,1,-360,360,-28.1662728,0,28.1662728,0,0,0,0,0
51,52,0.037,0.109,0.049,0,0,0,0,0,1,-360,360,11.0335045,0,-11.0335045,0,0,0,0,0
52,55,0.027,0.08,0.036,0,0,0,0,0,1,-360,360,-49.9664955,0,49.9664955,0,0,0,0,0
53,54,0.025,0.073,0.035,0,0,0,0,0,1,-360,360,-38.6275766,0,38.6275766,0,0,0,0,0
54,55,0.035,0.103,0.047,0,0,0,0,0,1,-360,360,-54.2235167,0,54.2235167,0,0,0,0,0
55,57,0.065,0.169,0.082,0,0,0,0,0,1,-360,360,-81.1311461,0,81.1311461,0,0,0,0,0
57,58,0.046,0.08,0.036,0,0,0,0,0,1,-360,360,-39.0430808,0,39.0430808,0,0,0,0,0
57,63,0.159,0.537,0.071,0,0,0,0,0,1,-360,360,25.1277768,0,-25.1277768,0,0,0,0,0
58,59,0.009,0.026,0.005,0,0,0,0,0,1,-360,360,-53.0430808,0,53.0430808,0,0,0,0,0
59,61,0.002,0.013,0.015,0,0,0,0,0,1,-360,360,-271.043081,0,271.043081,0,0,0,0,0
60,62,0.009,0.065,0.485,0,0,0,0,0,1,-360,360,-262.612557,0,262.612557,0,0,0,0,0
62,64,0.016,0.105,0.203,0,0,0,0,0,1,-360,360,188.864088,0,-188.864088,0,0,0,0,0
62,144,0.001,0.007,0.013,0,0,0,0,0,1,-360,360,-148.473219,0,148.473219,0,0,0,0,0
63,526,0.0265,0.172,0.026,0,0,0,0,0,1,-360,360,145.3,0,-145.3,0,0,0,0,0
69,211,0.051,0.232,0.028,0,0,0,0,0,1,-360,360,-29.2603599,0,29.2603599,0,0,0,0,0
69,79,0.051,0.157,0.023,0,0,0,0,0,1,-360,360,-14.5760608,0,14.5760608,0,0,0,0,0
70,71,0.032,0.1,0.062,0,0,0,0,0,1,-360,360,-84.1,0,84.1,0,0,0,0,0
70,528,0.02,0.1234,0.028,0,0,0,0,0,1,-360,360,28.1,0,-28.1,0,0,0,0,0
71,72,0.036,0.131,0.068,0,0,0,0,0,1,-360,360,-25.4025667,0,25.4025667,0,0,0,0,0
71,73,0.034,0.099,0.047,0,0,0,0,0,1,-360,360,-58.5456898,0,58.5456898,0,0,0,0,0
72,77,0.018,0.087,0.011,0,0,0,0,0,1,-360,360,-49.429675,0,49.429675,0,0,0,0,0
72,531,0.0256,0.193,0,0,0,0,0,0,1,-360,360,14,0,-14,0,0,0,0,0
73,76,0.021,0.057,0.03,0,0,0,0,0,1,-360,360,21.7412256,0,-21.7412256,0,0,0,0,0
73,79,0.018,0.052,0.018,0,0,0,0,0,1,-360,360,-30.5863179,0,30.5863179,0,0,0,0,0
74,88,0.004,0.027,0.05,0,0,0,0,0,1,-360,360,-87.1049769,0,87.1049769,0,0,0,0,0
74,562,0.0286,0.2013,0.379,0,0,0,0,0,1,-360,360,50.5,0,-50.5,0,0,0,0,0
76,77,0.016,0.043,0.004,0,0,0,0,0,1,-360,360,-71.426617,0,71.426617,0,0,0,0,0
77,78,0.001,0.006,0.007,0,0,0,0,0,1,-360,360,-257.32807,0,257.32807,0,0,0,0,0
77,80,0.014,0.07,0.038,0,0,0,0,0,1,-360,360,-7.13195379,0,7.13195379,0,0,0,0,0
77,552,0.0891,0.2676,0.029,0,0,0,0,0,1,-360,360,-11.1,0,11.1,0,0,0,0,0
77,609,0.0782,0.2127,0.022,0,0,0,0,0,1,-360,360,29.6,0,-29.6,0,0,0,0,0
78,79,0.006,0.022,0.011,0,0,0,0,0,1,-360,360,81.1624801,0,-81.1624801,0,0,0,0,0
78,84,0,0.036,0,0,0,0,0,0,1,-360,360,-338.49055,0,338.49055,0,0,0,0,0
79,211,0.099,0.375,0.051,0,0,0,0,0,1,-360,360,-11.9998986,0,11.9998986,0,0,0,0,0
80,211,0.022,0.107,0.058,0,0,0,0,0,1,-360,360,-35.1319538,0,35.1319538,0,0,0,0,0
81,194,0.0035,0.033,0.53,0,0,0,0,0,1,-360,360,-20.9491206,0,20.9491206,0,0,0,0,0
81,195,0.0035,0.033,0.53,0,0,0,0,0,1,-360,360,65.9440429,0,-65.9440429,0,0,0,0,0
85,86,0.008,0.064,0.128,0,0,0,0,0,1,-360,360,-98.2224989,0,98.2224989,0,0,0,0,0
86,87,0.012,0.093,0.183,0,0,0,0,0,1,-360,360,-133.336714,0,133.336714,0,0,0,0,0
86,323,0.006,0.048,0.092,0,0,0,0,0,1,-360,360,-14.9,0,14.9,0,0,0,0,0
89,91,0.047,0.119,0.014,0,0,0,0,0,1,-360,360,-46.3922491,0,46.3922491,0,0,0,0,0
90,92,0.032,0.174,0.024,0,0,0,0,0,1,-360,360,-71.9183079,0,71.9183079,0,0,0,0,0
91,94,0.1,0.253,0.031,0,0,0,0,0,1,-360,360,-1.79453808,0,1.79453808,0,0,0,0,0
91,97,0.022,0.077,0.039,0,0,0,0,0,1,-360,360,93.2050499,0,-93.2050499,0,0,0,0,0
92,103,0.019,0.144,0.017,0,0,0,0,0,1,-360,360,70.5761367,0,-70.5761367,0,0,0,0,0
92,105,0.017,0.092,0.012,0,0,0,0,0,1,-360,360,132.084914,0,-132.084914,0,0,0,0,0
94,97,0.278,0.427,0.043,0,0,0,0,0,1,-360,360,17.8707423,0,-17.8707423,0,0,0,0,0
97,100,0.022,0.053,0.007,0,0,0,0,0,1,-360,360,40.3192633,0,-40.3192633,0,0,0,0,0
97,102,0.038,0.092,0.012,0,0,0,0,0,1,-360,360,37.3544648,0,-37.3544648,0,0,0,0,0
97,103,0.048,0.122,0.015,0,0,0,0,0,1,-360,360,-6.49793589,0,6.49793589,0,0,0,0,0
98,100,0.024,0.064,0.007,0,0,0,0,0,1,-360,360,-6.11690002,0,6.11690002,0,0,0,0,0
98,102,0.034,0.121,0.015,0,0,0,0,0,1,-360,360,7.50585292,0,-7.50585292,0,0,0,0,0
99,107,0.053,0.135,0.017,0,0,0,0,0,1,-360,360,-35.6499977,0,35.6499977,0,0,0,0,0
99,108,0.002,0.004,0.002,0,0,0,0,0,1,-360,360,-20.6299474,0,20.6299474,0,0,0,0,0
99,109,0.045,0.354,0.044,0,0,0,0,0,1,-360,360,27.4133322,0,-27.4133322,0,0,0,0,0
99,110,0.05,0.174,0.022,0,0,0,0,0,1,-360,360,43.5891118,0,-43.5891118,0,0,0,0,0
100,102,0.016,0.038,0.004,0,0,0,0,0,1,-360,360,34.2023633,0,-34.2023633,0,0,0,0,0
102,104,0.043,0.064,0.027,0,0,0,0,0,1,-360,360,51.2768958,0,-51.2768958,0,0,0,0,0
103,105,0.019,0.062,0.008,0,0,0,0,0,1,-360,360,32.0782008,0,-32.0782008,0,0,0,0,0
104,108,0.076,0.13,0.044,0,0,0,0,0,1,-360,360,40.2768958,0,-40.2768958,0,0,0,0,0
104,322,0.044,0.124,0.015,0,0,0,0,0,1,-360,360,2.4,0,-2.4,0,0,0,0,0
105,107,0.012,0.088,0.011,0,0,0,0,0,1,-360,360,68.4999815,0,-68.4999815,0,0,0,0,0
105,110,0.157,0.4,0.047,0,0,0,0,0,1,-360,360,46.0631338,0,-46.0631338,0,0,0,0,0
108,324,0.074,0.208,0.026,0,0,0,0,0,1,-360,360,24.7,0,-24.7,0,0,0,0,0
109,110,0.07,0.184,0.021,0,0,0,0,0,1,-360,360,-11.5207289,0,11.5207289,0,0,0,0,0
109,113,0.1,0.274,0.031,0,0,0,0,0,1,-360,360,-1.44950715,0,1.44950715,0,0,0,0,0
109,114,0.109,0.393,0.036,0,0,0,0,0,1,-360,360,9.68356825,0,-9.68356825,0,0,0,0,0
110,112,0.142,0.404,0.05,0,0,0,0,0,1,-360,360,15.1315167,0,-15.1315167,0,0,0,0,0
112,114,0.017,0.042,0.006,0,0,0,0,0,1,-360,360,-4.4684833,0,4.4684833,0,0,0,0,0
115,122,0.0036,0.0199,0.004,0,0,0,0,0,1,-360,360,48.0975134,0,-48.0975134,0,0,0,0,0
116,120,0.002,0.1049,0.001,0,0,0,0,0,1,-360,360,-60.8421483,0,60.8421483,0,0,0,0,0
117,118,0.0001,0.0018,0.017,0,0,0,0,0,1,-360,360,-497.175037,0,497.175037,0,0,0,0,0
118,119,0,0.0271,0,0,0,0,0,0,1,-360,360,-594.060564,0,594.060564,0,0,0,0,0
118,1201,0,0.6163,0,0,0,0,0,0,1,-360,360,31.77828,0,-31.77828,0,0,0,0,0
1201,120,0,-0.3697,0,0,0,0,0,0,1,-360,360,31.77828,0,-31.77828,0,0,0,0,0
118,121,0.0022,0.2915,0,0,0,0,0,0,1,-360,360,51.0072462,0,-51.0072462,0,0,0,0,0
119,120,0,0.0339,0,0,0,0,0,0,1,-360,360,706.063868,0,-706.063868,0,0,0,0,0
119,121,0,0.0582,0,0,0,0,0,0,1,-360,360,532.090267,0,-532.090267,0,0,0,0,0
122,123,0.0808,0.2344,0.029,0,0,0,0,0,1,-360,360,22.1786668,0,-22.1786668,0,0,0,0,0
122,125,0.0965,0.3669,0.054,0,0,0,0,0,1,-360,360,18.2667335,0,-18.2667335,0,0,0,0,0
123,124,0.036,0.1076,0.117,0,0,0,0,0,1,-360,360,-66.4534763,0,66.4534763,0,0,0,0,0
123,125,0.0476,0.1414,0.149,0,0,0,0,0,1,-360,360,10.6321431,0,-10.6321431,0,0,0,0,0
125,126,0.0006,0.0197,0,0,0,0,0,0,1,-360,360,-484.592988,0,484.592988,0,0,0,0,0
126,127,0.0059,0.0405,0.25,0,0,0,0,0,1,-360,360,-98.3644026,0,98.3644026,0,0,0,0,0
126,129,0.0115,0.1106,0.185,0,0,0,0,0,1,-360,360,-127.806914,0,127.806914,0,0,0,0,0
126,132,0.0198,0.1688,0.321,0,0,0,0,0,1,-360,360,-150.650342,0,150.650342,0,0,0,0,0
126,157,0.005,0.05,0.33,0,0,0,0,0,1,-360,360,-29.4763291,0,29.4763291,0,0,0,0,0
126,158,0.0077,0.0538,0.335,0,0,0,0,0,1,-360,360,-48.0534453,0,48.0534453,0,0,0,0,0
126,169,0.0165,0.1157,0.171,0,0,0,0,0,1,-360,360,-88.1415556,0,88.1415556,0,0,0,0,0
127,128,0.0059,0.0577,0.095,0,0,0,0,0,1,-360,360,-165.197849,0,165.197849,0,0,0,0,0
127,134,0.0049,0.0336,0.208,0,0,0,0,0,1,-360,360,-149.394218,0,149.394218,0,0,0,0,0
127,168,0.0059,0.0577,0.095,0,0,0,0,0,1,-360,360,-164.572336,0,164.572336,0,0,0,0,0
128,130,0.0078,0.0773,0.126,0,0,0,0,0,1,-360,360,-210.676752,0,210.676752,0,0,0,0,0
128,133,0.0026,0.0193,0.03,0,0,0,0,0,1,-360,360,45.4789034,0,-45.4789034,0,0,0,0,0
129,130,0.0076,0.0752,0.122,0,0,0,0,0,1,-360,360,-208.318383,0,208.318383,0,0,0,0,0
129,133,0.0021,0.0186,0.03,0,0,0,0,0,1,-360,360,80.5114695,0,-80.5114695,0,0,0,0,0
130,132,0.0016,0.0164,0.026,0,0,0,0,0,1,-360,360,266.537156,0,-266.537156,0,0,0,0,0
130,151,0.0017,0.0165,0.026,0,0,0,0,0,1,-360,360,160.645019,0,-160.645019,0,0,0,0,0
130,167,0.0079,0.0793,0.127,0,0,0,0,0,1,-360,360,256.861268,0,-256.861268,0,0,0,0,0
130,168,0.0078,0.0784,0.125,0,0,0,0,0,1,-360,360,208.181186,0,-208.181186,0,0,0,0,0
133,137,0.0017,0.0117,0.289,0,0,0,0,0,1,-360,360,-723.87293,0,723.87293,0,0,0,0,0
133,168,0.0026,0.0193,0.03,0,0,0,0,0,1,-360,360,-43.6088493,0,43.6088493,0,0,0,0,0
133,169,0.0021,0.0186,0.03,0,0,0,0,0,1,-360,360,131.180288,0,-131.180288,0,0,0,0,0
133,171,0.0002,0.0101,0,0,0,0,0,0,1,-360,360,762.291865,0,-762.291865,0,0,0,0,0
134,135,0.0043,0.0293,0.18,0,0,0,0,0,1,-360,360,-85.9325908,0,85.9325908,0,0,0,0,0
134,184,0.0039,0.0381,0.258,0,0,0,0,0,1,-360,360,-63.4616268,0,63.4616268,0,0,0,0,0
135,136,0.0091,0.0623,0.385,0,0,0,0,0,1,-360,360,-255.132591,0,255.132591,0,0,0,0,0
136,137,0.0125,0.089,0.54,0,0,0,0,0,1,-360,360,70.8847721,0,-70.8847721,0,0,0,0,0
136,152,0.0056,0.039,0.953,0,0,0,0,0,1,-360,360,-381.217363,0,381.217363,0,0,0,0,0
137,140,0.0015,0.0114,0.284,0,0,0,0,0,1,-360,360,323.642854,0,-323.642854,0,0,0,0,0
137,181,0.0005,0.0034,0.021,0,0,0,0,0,1,-360,360,-95.9253248,0,95.9253248,0,0,0,0,0
137,186,0.0007,0.0151,0.126,0,0,0,0,0,1,-360,360,-476.96959,0,476.96959,0,0,0,0,0
137,188,0.0005,0.0034,0.021,0,0,0,0,0,1,-360,360,-436.752743,0,436.752743,0,0,0,0,0
139,172,0.0562,0.2248,0.081,0,0,0,0,0,1,-360,360,18.7791795,0,-18.7791795,0,0,0,0,0
140,141,0.012,0.0836,0.123,0,0,0,0,0,1,-360,360,-85.7506914,0,85.7506914,0,0,0,0,0
140,142,0.0152,0.1132,0.684,0,0,0,0,0,1,-360,360,-4.70991948,0,4.70991948,0,0,0,0,0
140,145,0.0468,0.3369,0.519,0,0,0,0,0,1,-360,360,-15.5838199,0,15.5838199,0,0,0,0,0
140,146,0.043,0.3031,0.463,0,0,0,0,0,1,-360,360,-47.8650108,0,47.8650108,0,0,0,0,0
140,147,0.0489,0.3492,0.538,0,0,0,0,0,1,-360,360,-63.7111902,0,63.7111902,0,0,0,0,0
140,182,0.0013,0.0089,0.119,0,0,0,0,0,1,-360,360,153.563486,0,-153.563486,0,0,0,0,0
141,146,0.0291,0.2267,0.342,0,0,0,0,0,1,-360,360,-32.3737406,0,32.3737406,0,0,0,0,0
142,143,0.006,0.057,0.767,0,0,0,0,0,1,-360,360,-212.568993,0,212.568993,0,0,0,0,0
143,145,0.0075,0.0773,0.119,0,0,0,0,0,1,-360,360,95.7232415,0,-95.7232415,0,0,0,0,0
143,149,0.0127,0.0909,0.135,0,0,0,0,0,1,-360,360,-33.8192245,0,33.8192245,0,0,0,0,0
145,146,0.0085,0.0588,0.087,0,0,0,0,0,1,-360,360,-157.443807,0,157.443807,0,0,0,0,0
145,149,0.0218,0.1511,0.223,0,0,0,0,0,1,-360,360,-69.3155134,0,69.3155134,0,0,0,0,0
146,147,0.0073,0.0504,0.074,0,0,0,0,0,1,-360,360,-153.572675,0,153.572675,0,0,0,0,0
148,178,0.0523,0.1526,0.074,0,0,0,0,0,1,-360,360,79.8872987,0,-79.8872987,0,0,0,0,0
148,179,0.1371,0.3919,0.076,0,0,0,0,0,1,-360,360,41.5769332,0,-41.5769332,0,0,0,0,0
152,153,0.0137,0.0957,0.141,0,0,0,0,0,1,-360,360,-25.7307366,0,25.7307366,0,0,0,0,0
153,161,0.0055,0.0288,0.19,0,0,0,0,0,1,-360,360,108.004551,0,-108.004551,0,0,0,0,0
154,156,0.1746,0.3161,0.04,0,0,0,0,0,1,-360,360,-27.4527311,0,27.4527311,0,0,0,0,0
154,183,0.0804,0.3054,0.045,0,0,0,0,0,1,-360,360,-42.5472689,0,42.5472689,0,0,0,0,0
155,161,0.011,0.0568,0.388,0,0,0,0,0,1,-360,360,-73.0045515,0,73.0045515,0,0,0,0,0
157,159,0.0008,0.0098,0.069,0,0,0,0,0,1,-360,360,-374.424216,0,374.424216,0,0,0,0,0
158,159,0.0029,0.0285,0.19,0,0,0,0,0,1,-360,360,-89.7508214,0,89.7508214,0,0,0,0,0
158,160,0.0066,0.0448,0.277,0,0,0,0,0,1,-360,360,41.6973761,0,-41.6973761,0,0,0,0,0
162,164,0.0024,0.0326,0.236,0,0,0,0,0,1,-360,360,468.723399,0,-468.723399,0,0,0,0,0
162,165,0.0018,0.0245,1.662,0,0,0,0,0,1,-360,360,-553.723399,0,553.723399,0,0,0,0,0
163,164,0.0044,0.0514,3.597,0,0,0,0,0,1,-360,360,-240.583355,0,240.583355,0,0,0,0,0
165,166,0.0002,0.0123,0,0,0,0,0,0,1,-360,360,-553.723399,0,553.723399,0,0,0,0,0
167,169,0.0018,0.0178,0.029,0,0,0,0,0,1,-360,360,-43.0387322,0,43.0387322,0,0,0,0,0
172,173,0.0669,0.4843,0.063,0,0,0,0,0,1,-360,360,22.5019972,0,-22.5019972,0,0,0,0,0
172,174,0.0558,0.221,0.031,0,0,0,0,0,1,-360,360,-30.2228177,0,30.2228177,0,0,0,0,0
173,174,0.0807,0.3331,0.049,0,0,0,0,0,1,-360,360,-52.7678173,0,52.7678173,0,0,0,0,0
173,175,0.0739,0.3071,0.043,0,0,0,0,0,1,-360,360,-26.9713776,0,26.9713776,0,0,0,0,0
173,176,0.1799,0.5017,0.069,0,0,0,0,0,1,-360,360,-61.258808,0,61.258808,0,0,0,0,0
175,176,0.0904,0.3626,0.048,0,0,0,0,0,1,-360,360,-61.915703,0,61.915703,0,0,0,0,0
175,179,0.077,0.3092,0.054,0,0,0,0,0,1,-360,360,10.3033992,0,-10.3033992,0,0,0,0,0
176,177,0.0251,0.0829,0.047,0,0,0,0,0,1,-360,360,100.123744,0,-100.123744,0,0,0,0,0
177,178,0.0222,0.0847,0.05,0,0,0,0,0,1,-360,360,156.233627,0,-156.233627,0,0,0,0,0
178,179,0.0498,0.1855,0.029,0,0,0,0,0,1,-360,360,22.1196676,0,-22.1196676,0,0,0,0,0
178,180,0.0061,0.029,0.084,0,0,0,0,0,1,-360,360,-213.398742,0,213.398742,0,0,0,0,0
181,138,0.0004,0.0202,0,0,0,0,0,0,1,-360,360,480.262437,0,-480.262437,0,0,0,0,0
181,187,0.0004,0.0083,0.115,0,0,0,0,0,1,-360,360,-649.587762,0,649.587762,0,0,0,0,0
184,185,0.0025,0.0245,0.164,0,0,0,0,0,1,-360,360,-200.261627,0,200.261627,0,0,0,0,0
186,188,0.0007,0.0086,0.115,0,0,0,0,0,1,-360,360,664.800172,0,-664.800172,0,0,0,0,0
187,188,0.0007,0.0086,0.115,0,0,0,0,0,1,-360,360,492.182,0,-492.182,0,0,0,0,0
188,138,0.0004,0.0202,0,0,0,0,0,0,1,-360,360,537.629428,0,-537.629428,0,0,0,0,0
189,208,0.033,0.095,0,0,0,0,0,0,1,-360,360,18.1539466,0,-18.1539466,0,0,0,0,0
189,209,0.046,0.069,0,0,0,0,0,0,1,-360,360,-8.51006151,0,8.51006151,0,0,0,0,0
190,231,0.0004,0.0022,6.2,0,0,0,0,0,1,-360,360,531.157689,0,-531.157689,0,0,0,0,0
190,240,0,0.0275,0,0,0,0,0,0,1,-360,360,-33.1,0,33.1,0,0,0,0,0
191,192,0.003,0.048,0,0,0,0,0,0,1,-360,360,829.503711,0,-829.503711,0,0,0,0,0
192,225,0.002,0.009,0,0,0,0,0,0,1,-360,360,29.5037108,0,-29.5037108,0,0,0,0,0
193,205,0.045,0.063,0,0,0,0,0,0,1,-360,360,28.5273882,0,-28.5273882,0,0,0,0,0
193,208,0.048,0.127,0,0,0,0,0,0,1,-360,360,-6.13277076,0,6.13277076,0,0,0,0,0
194,219,0.0031,0.0286,0.5,0,0,0,0,0,1,-360,360,92.7508794,0,-92.7508794,0,0,0,0,0
194,664,0.0024,0.0355,0.36,0,0,0,0,0,1,-360,360,-113.7,0,113.7,0,0,0,0,0
195,219,0.0031,0.0286,0.5,0,0,0,0,0,1,-360,360,-7.51046316,0,7.51046316,0,0,0,0,0
196,197,0.014,0.04,0.004,0,0,0,0,0,1,-360,360,-55.2436396,0,55.2436396,0,0,0,0,0
196,210,0.03,0.081,0.01,0,0,0,0,0,1,-360,360,-16.7509081,0,16.7509081,0,0,0,0,0
197,198,0.01,0.06,0.009,0,0,0,0,0,1,-360,360,-92.0369511,0,92.0369511,0,0,0,0,0
197,211,0.015,0.04,0.006,0,0,0,0,0,1,-360,360,-6.20668849,0,6.20668849,0,0,0,0,0
198,202,0.332,0.688,0,0,0,0,0,0,1,-360,360,12.4640142,0,-12.4640142,0,0,0,0,0
198,203,0.009,0.046,0.025,0,0,0,0,0,1,-360,360,73.8280907,0,-73.8280907,0,0,0,0,0
198,210,0.02,0.073,0.008,0,0,0,0,0,1,-360,360,87.3306725,0,-87.3306725,0,0,0,0,0
198,211,0.034,0.109,0.032,0,0,0,0,0,1,-360,360,48.3848581,0,-48.3848581,0,0,0,0,0
199,200,0.076,0.135,0.009,0,0,0,0,0,1,-360,360,-3.14029439,0,3.14029439,0,0,0,0,0
199,210,0.04,0.102,0.005,0,0,0,0,0,1,-360,360,-31.8597056,0,31.8597056,0,0,0,0,0
200,210,0.081,0.128,0.014,0,0,0,0,0,1,-360,360,-22.0761737,0,22.0761737,0,0,0,0,0
201,204,0.124,0.183,0,0,0,0,0,0,1,-360,360,2.83642069,0,-2.83642069,0,0,0,0,0
203,211,0.01,0.059,0.008,0,0,0,0,0,1,-360,360,31.8280907,0,-31.8280907,0,0,0,0,0
204,205,0.046,0.068,0,0,0,0,0,0,1,-360,360,-29.563649,0,29.563649,0,0,0,0,0
205,206,0.302,0.446,0,0,0,0,0,0,1,-360,360,-1.0362608,0,1.0362608,0,0,0,0,0
206,207,0.073,0.093,0,0,0,0,0,0,1,-360,360,-8.01508495,0,8.01508495,0,0,0,0,0
206,208,0.24,0.421,0,0,0,0,0,0,1,-360,360,-5.02117585,0,5.02117585,0,0,0,0,0
212,215,0.0139,0.0778,0.086,0,0,0,0,0,1,-360,360,-50.4674317,0,50.4674317,0,0,0,0,0
213,214,0.0025,0.038,0,0,0,0,1,0,1,-360,360,272.355812,0,-272.355812,0,0,0,0,0
214,215,0.0017,0.0185,0.02,0,0,0,0,0,1,-360,360,254.623958,0,-254.623958,0,0,0,0,0
214,242,0.0015,0.0108,0.002,0,0,0,0,0,1,-360,360,-4.26814543,0,4.26814543,0,0,0,0,0
215,216,0.0045,0.0249,0.026,0,0,0,0,0,1,-360,360,157.156526,0,-157.156526,0,0,0,0,0
216,217,0.004,0.0497,0.018,0,0,0,0,0,1,-360,360,-18.8434739,0,18.8434739,0,0,0,0,0
217,218,0,0.0456,0,0,0,0,0,0,1,-360,360,16.2760551,0,-16.2760551,0,0,0,0,0
217,219,0.0005,0.0177,0.02,0,0,0,0,0,1,-360,360,-108.09143,0,108.09143,0,0,0,0,0
217,220,0.0027,0.0395,0.832,0,0,0,0,0,1,-360,360,-27.0280994,0,27.0280994,0,0,0,0,0
219,237,0.0003,0.0018,5.2,0,0,0,0,0,1,-360,360,-100.182437,0,100.182437,0,0,0,0,0
220,218,0.0037,0.0484,0.43,0,0,0,0,0,1,-360,360,37.3925215,0,-37.3925215,0,0,0,0,0
220,221,0.001,0.0295,0.503,0,0,0,0,0,1,-360,360,38.5232782,0,-38.5232782,0,0,0,0,0
220,238,0.0016,0.0046,0.402,0,0,0,0,0,1,-360,360,-287.813086,0,287.813086,0,0,0,0,0
221,223,0.0003,0.0013,1,0,0,0,0,0,1,-360,360,318.111939,0,-318.111939,0,0,0,0,0
222,237,0.0014,0.0514,0.33,0,0,0,1,0,1,-360,360,-77.6729665,0,77.6729665,0,0,0,0,0
224,225,0.01,0.064,0.48,0,0,0,0,0,1,-360,360,-276.580949,0,276.580949,0,0,0,0,0
224,226,0.0019,0.0081,0.86,0,0,0,0,0,1,-360,360,-6.30711224,0,6.30711224,0,0,0,0,0
225,191,0.001,0.061,0,0,0,0,0,0,1,-360,360,-657.077238,0,657.077238,0,0,0,0,0
226,231,0.0005,0.0212,0,0,0,0,0,0,1,-360,360,-6.30711224,0,6.30711224,0,0,0,0,0
227,231,0.0009,0.0472,0.186,0,0,0,1,0,1,-360,360,-234.603635,0,234.603635,0,0,0,0,0
228,229,0.0019,0.0087,1.28,0,0,0,0,0,1,-360,360,-227.014981,0,227.014981,0,0,0,0,0
228,231,0.0026,0.0917,0,0,0,0,0,0,1,-360,360,6.52159858,0,-6.52159858,0,0,0,0,0
228,234,0.0013,0.0288,0.81,0,0,0,0,0,1,-360,360,-2.50661774,0,2.50661774,0,0,0,0,0
229,190,0,0.0626,0,0,0,0,0,0,1,-360,360,22.436326,0,-22.436326,0,0,0,0,0
231,232,0.0002,0.0069,1.364,0,0,0,0,0,1,-360,360,551.607559,0,-551.607559,0,0,0,0,0
231,237,0.0001,0.0006,3.57,0,0,0,0,0,1,-360,360,-413.839019,0,413.839019,0,0,0,0,0
232,233,0.0017,0.0485,0,0,0,0,0,0,1,-360,360,103.607559,0,-103.607559,0,0,0,0,0
234,235,0.0002,0.0259,0.144,0,0,0,0,0,1,-360,360,10.7665788,0,-10.7665788,0,0,0,0,0
234,237,0.0006,0.0272,0,0,0,0,0,0,1,-360,360,15.5116827,0,-15.5116827,0,0,0,0,0
235,238,0.0002,0.0006,0.8,0,0,0,0,0,1,-360,360,-258.233421,0,258.233421,0,0,0,0,0
241,237,0.0005,0.0154,0,0,0,0,1,0,1,-360,360,576.182739,0,-576.182739,0,0,0,0,0
240,281,0.0003,0.0043,0.009,0,0,0,0,0,1,-360,360,-33.1,0,33.1,0,0,0,0,0
242,245,0.0082,0.0851,0,0,0,0,0,0,1,-360,360,67.5393607,0,-67.5393607,0,0,0,0,0
242,247,0.0112,0.0723,0,0,0,0,0,0,1,-360,360,98.4148768,0,-98.4148768,0,0,0,0,0
243,244,0.0127,0.0355,0,0,0,0,0,0,1,-360,360,56.0942708,0,-56.0942708,0,0,0,0,0
243,245,0.0326,0.1804,0,0,0,0,0,0,1,-360,360,20.0156125,0,-20.0156125,0,0,0,0,0
244,246,0.0195,0.0551,0,0,0,0,0,0,1,-360,360,56.0942708,0,-56.0942708,0,0,0,0,0
245,246,0.0157,0.0732,0,0,0,0,0,0,1,-360,360,20.1000605,0,-20.1000605,0,0,0,0,0
245,247,0.036,0.2119,0,0,0,0,0,0,1,-360,360,6.45491268,0,-6.45491268,0,0,0,0,0
246,247,0.0268,0.1285,0,0,0,0,0,0,1,-360,360,-0.805668727,0,0.805668727,0,0,0,0,0
247,248,0.0428,0.1215,0,0,0,0,0,0,1,-360,360,43.0641207,0,-43.0641207,0,0,0,0,0
248,249,0.0351,0.1004,0,0,0,0,0,0,1,-360,360,6,0,-6,0,0,0,0,0
249,250,0.0616,0.1857,0,0,0,0,0,0,1,-360,360,-23,0,23,0,0,0,0,0
3,1,0,0.052,0,0,0,0,0.947,0,1,-360,360,22.1160673,0,-22.1160673,0,0,0,0,0
3,2,0,0.052,0,0,0,0,0.956,0,1,-360,360,-35.2755616,0,35.2755616,0,0,0,0,0
3,4,0,0.005,0,0,0,0,0.971,0,1,-360,360,806.837652,0,-806.837652,0,0,0,0,0
7,5,0,0.039,0,0,0,0,0.948,0,1,-360,360,75.762275,0,-75.762275,0,0,0,0,0
7,6,0,0.039,0,0,0,0,0.959,0,1,-360,360,-29.3093102,0,29.3093102,0,0,0,0,0
10,11,0,0.089,0,0,0,0,1.046,0,1,-360,360,-17.5449828,0,17.5449828,0,0,0,0,0
12,10,0,0.053,0,0,0,0,0.985,0,1,-360,360,134.146882,0,-134.146882,0,0,0,0,0
15,17,0.0194,0.0311,0,0,0,0,0.9561,0,1,-360,360,230.568316,0,-230.568316,0,0,0,0,0
16,15,0.001,0.038,0,0,0,0,0.971,0,1,-360,360,293.235726,0,-293.235726,0,0,0,0,0
21,20,0,0.014,0,0,0,0,0.952,0,1,-360,360,519.960714,0,-519.960714,0,0,0,0,0
24,23,0,0.064,0,0,0,0,0.943,0,1,-360,360,56.7354374,0,-56.7354374,0,0,0,0,0
36,35,0,0.047,0,0,0,0,1.01,0,1,-360,360,109.393183,0,-109.393183,0,0,0,0,0
45,44,0,0.02,0,0,0,0,1.008,0,1,-360,360,276.054984,0,-276.054984,0,0,0,0,0
45,46,0,0.021,0,0,0,0,1,0,1,-360,360,-228.671974,0,228.671974,0,0,0,0,0
62,61,0,0.059,0,0,0,0,0.975,0,1,-360,360,97.5198271,0,-97.5198271,0,0,0,0,0
63,64,0,0.038,0,0,0,0,1.017,0,1,-360,360,-188.864088,0,188.864088,0,0,0,0,0
73,74,0,0.0244,0,0,0,0,1,0,1,-360,360,-251.834524,0,251.834524,0,0,0,0,0
81,88,0,0.02,0,0,0,0,1,0,1,-360,360,196.498159,0,-196.498159,0,0,0,0,0
85,99,0,0.048,0,0,0,0,1,0,1,-360,360,98.2224989,0,-98.2224989,0,0,0,0,0
86,102,0,0.048,0,0,0,0,1,0,1,-360,360,50.0142148,0,-50.0142148,0,0,0,0,0
87,94,0,0.046,0,0,0,0,1.015,0,1,-360,360,79.9652804,0,-79.9652804,0,0,0,0,0
114,207,0,0.149,0,0,0,0,0.967,0,1,-360,360,-12.984915,0,12.984915,0,0,0,0,0
116,124,0.0052,0.0174,0,0,0,0,1.01,0,1,-360,360,60.8421483,0,-60.8421483,0,0,0,0,0
121,115,0,0.028,0,0,0,0,1.05,0,1,-360,360,48.0975134,0,-48.0975134,0,0,0,0,0
122,157,0.0005,0.0195,0,0,0,0,1,0,1,-360,360,-221.447887,0,221.447887,0,0,0,0,0
130,131,0,0.018,0,0,0,0,1.0522,0,1,-360,360,6.40710348,0,-6.40710348,0,0,0,0,0
130,150,0,0.014,0,0,0,0,1.0522,0,1,-360,360,-23.9367573,0,23.9367573,0,0,0,0,0
132,170,0.001,0.0402,0,0,0,0,1.05,0,1,-360,360,115.886814,0,-115.886814,0,0,0,0,0
141,174,0.0024,0.0603,0,0,0,0,0.975,0,1,-360,360,82.990635,0,-82.990635,0,0,0,0,0
142,175,0.0024,0.0498,-0.087,0,0,0,1,0,1,-360,360,151.359074,0,-151.359074,0,0,0,0,0
143,144,0,0.0833,0,0,0,0,1.035,0,1,-360,360,148.473219,0,-148.473219,0,0,0,0,0
143,148,0.0013,0.0371,0,0,0,0,0.9565,0,1,-360,360,184.464232,0,-184.464232,0,0,0,0,0
145,180,0.0005,0.0182,0,0,0,0,1,0,1,-360,360,282.898742,0,-282.898742,0,0,0,0,0
151,170,0.001,0.0392,0,0,0,0,1.05,0,1,-360,360,160.645019,0,-160.645019,0,0,0,0,0
153,183,0.0027,0.0639,0,0,0,0,1.073,0,1,-360,360,82.5472689,0,-82.5472689,0,0,0,0,0
155,156,0.0008,0.0256,0,0,0,0,1.05,0,1,-360,360,101.144596,0,-101.144596,0,0,0,0,0
159,117,0,0.016,0,0,0,0,1.0506,0,1,-360,360,-497.175037,0,497.175037,0,0,0,0,0
160,124,0.0012,0.0396,0,0,0,0,0.975,0,1,-360,360,41.6973761,0,-41.6973761,0,0,0,0,0
163,137,0.0013,0.0384,-0.057,0,0,0,0.98,0,1,-360,360,240.583355,0,-240.583355,0,0,0,0,0
164,155,0.0009,0.0231,-0.033,0,0,0,0.956,0,1,-360,360,228.140045,0,-228.140045,0,0,0,0,0
182,139,0.0003,0.0131,0,0,0,0,1.05,0,1,-360,360,-87.1365138,0,87.1365138,0,0,0,0,0
189,210,0,0.252,0,0,0,0,1.03,0,1,-360,360,-16.6438851,0,16.6438851,0,0,0,0,0
193,196,0,0.237,0,0,0,0,1.03,0,1,-360,360,-22.3946175,0,22.3946175,0,0,0,0,0
195,212,0.0008,0.0366,0,0,0,0,0.985,0,1,-360,360,73.4545061,0,-73.4545061,0,0,0,0,0
200,248,0,0.22,0,0,0,0,1,0,1,-360,360,-8.06412071,0,8.06412071,0,0,0,0,0
201,69,0,0.098,0,0,0,0,1.03,0,1,-360,360,-43.8364207,0,43.8364207,0,0,0,0,0
202,211,0,0.128,0,0,0,0,1.01,0,1,-360,360,-25.5359858,0,25.5359858,0,0,0,0,0
204,2040,0.02,0.204,-0.012,0,0,0,1.05,0,1,-360,360,-39.5999303,0,39.5999303,0,0,0,0,0
209,198,0.026,0.211,0,0,0,0,1.03,0,1,-360,360,-46.5100615,0,46.5100615,0,0,0,0,0
211,212,0.003,0.0122,0,0,0,0,1,0,1,-360,360,-123.921938,0,123.921938,0,0,0,0,0
218,219,0.001,0.0354,-0.01,0,0,0,0.97,0,1,-360,360,-77.3314234,0,77.3314234,0,0,0,0,0
223,224,0.0012,0.0195,-0.364,0,0,0,1,0,1,-360,360,-109.888061,0,109.888061,0,0,0,0,0
229,230,0.001,0.0332,0,0,0,0,1.02,0,1,-360,360,-345.451307,0,345.451307,0,0,0,0,0
234,236,0.0005,0.016,0,0,0,0,1.07,0,1,-360,360,-600.784879,0,600.784879,0,0,0,0,0
238,239,0.0005,0.016,0,0,0,0,1.02,0,1,-360,360,-550.719473,0,550.719473,0,0,0,0,0
196,2040,0.0001,0.02,0,0,0,0,1,0,1,-360,360,39.5999303,0,-39.5999303,0,0,0,0,0
119,1190,0.001,0.023,0,0,0,0,1.0223,0,1,-360,360,100.31,0,-100.31,0,0,0,0,0
120,1200,0,0.023,0,0,0,0,0.9284,0,1,-360,360,-100,0,100,0,0,0,0,0
7002,2,0.001,0.0146,0,0,0,0,1,0,1,-360,360,623.814966,0,-623.814966,0,0,0,0,0
7003,3,0,0.01054,0,0,0,0,1,0,1,-360,360,1211.58284,0,-1211.58284,0,0,0,0,0
7061,61,0,0.0238,0,0,0,0,1,0,1,-360,360,400.523254,0,-400.523254,0,0,0,0,0
7062,62,0,0.03214,0,0,0,0,0.95,0,1,-360,360,400.523254,0,-400.523254,0,0,0,0,0
7166,166,0,0.0154,0,0,0,0,1,0,1,-360,360,553.723399,0,-553.723399,0,0,0,0,0
7024,24,0,0.0289,0,0,0,0,1,0,1,-360,360,410.536335,0,-410.536335,0,0,0,0,0
7001,1,0,0.01953,0,0,0,0,1,0,1,-360,360,467.610899,0,-467.610899,0,0,0,0,0
7130,130,0,0.0193,0,0,0,0,1,0,1,-360,360,1293.69011,0,-1293.69011,0,0,0,0,0
7011,11,0,0.01923,0,0,0,0,1,0,1,-360,360,234.306104,0,-234.306104,0,0,0,0,0
7023,23,0,0.023,0,0,0,0,1,0,1,-360,360,185.242005,0,-185.242005,0,0,0,0,0
7049,49,0,0.0124,0,0,0,0,1,0,1,-360,360,1.30813506,0,-1.30813506,0,0,0,0,0
7139,139,0,0.0167,0,0,0,0,1,0,1,-360,360,700.915693,0,-700.915693,0,0,0,0,0
7012,12,0,0.0312,0,0,0,0,1,0,1,-360,360,372.486626,0,-372.486626,0,0,0,0,0
7017,17,0,0.01654,0,0,0,0,0.942,0,1,-360,360,330.431684,0,-330.431684,0,0,0,0,0
7039,39,0,0.03159,0,0,0,0,0.965,0,1,-360,360,500.654067,0,-500.654067,0,0,0,0,0
7057,57,0,0.05347,0,0,0,0,0.95,0,1,-360,360,165.215842,0,-165.215842,0,0,0,0,0
7044,44,0,0.18181,0,0,0,0,0.942,0,1,-360,360,37.048401,0,-37.048401,0,0,0,0,0
7055,55,0,0.19607,0,0,0,0,0.942,0,1,-360,360,45.0588661,0,-45.0588661,0,0,0,0,0
7071,71,0,0.06896,0,0,0,0,0.9565,0,1,-360,360,116.151743,0,-116.151743,0,0,0,0,0
